https://www.transtats.bts.gov/fuel.asp,,,,,,,,,,
Year,Month,Domestic,,,International,,,Total,,
,,Consumption,Cost,Cost per Gallon,Consumption,Cost,Cost per Gallon,Consumption,Cost,Cost per Gallon
,,(million gallons),(million dollars),(dollars),(million gallons),(million dollars),( dollars),(million gallons),(million dollars),(dollars)
2000,January,"1,108.60",766.5,0.69,386.8,313.6,0.81,"1,495.40","1,080.10",0.72
2000,February,"1,068.40",772.3,0.72,366.8,298.7,0.81,"1,435.20","1,071.10",0.75
2000,March,"1,174.30",875.5,0.75,399.7,330.1,0.83,"1,574.00","1,205.60",0.77
2000,April,"1,145.30",841.9,0.74,407.9,336.7,0.83,"1,553.10","1,178.70",0.76
2000,May,"1,174.20",833.3,0.71,434.4,337.9,0.78,"1,608.60","1,171.20",0.73
2000,June,"1,183.80",809.9,0.68,448.5,345.9,0.77,"1,632.30","1,155.80",0.71
2000,July,"1,223.90",931.7,0.76,463.1,374.7,0.81,"1,687.00","1,306.30",0.77
2000,August,"1,229.00",954.5,0.78,468.8,398.9,0.85,"1,697.80","1,353.40",0.8
2000,September,"1,099.00",928.9,0.85,446.5,421.1,0.94,"1,545.50","1,350.00",0.87
2000,October,"1,195.60","1,052.00",0.88,452.1,428.6,0.95,"1,647.70","1,480.60",0.9
2000,November,"1,151.90","1,005.90",0.87,419.2,395.5,0.94,"1,571.10","1,401.40",0.89
2000,December,"1,149.90","1,038.20",0.9,428.6,406,0.95,"1,578.50","1,444.20",0.91
2000 Total,,"13,903.70","10,810.60",0.78,"5,122.50","4,387.80",0.86,"19,026.20","15,198.40",0.8
2001,January,"1,153.40",983,0.85,416.7,370,0.89,"1,570.10","1,352.90",0.86
2001,February,"1,066.80",898.3,0.84,386.6,335.7,0.87,"1,453.40","1,234.00",0.85
2001,March,"1,181.70",936.5,0.79,443.1,377.6,0.85,"1,624.70","1,314.10",0.81
2001,April,"1,124.40",865.5,0.77,434.8,349.1,0.8,"1,559.10","1,214.60",0.78
2001,May,"1,175.40",946.4,0.81,454.2,372.8,0.82,"1,629.70","1,319.20",0.81
2001,June,"1,184.40",951.8,0.8,452.8,373.8,0.83,"1,637.20","1,325.60",0.81
2001,July,"1,213.70",937.2,0.77,466.5,379.9,0.81,"1,680.20","1,317.10",0.78
2001,August,"1,245.80",948.4,0.76,472.1,374.7,0.79,"1,718.00","1,323.10",0.77
2001,September,888.5,703,0.79,369.2,292.7,0.79,"1,257.70",995.7,0.79
2001,October,971.7,688.2,0.71,358,275.3,0.77,"1,329.70",963.5,0.72
2001,November,935.3,618.5,0.66,347,249.8,0.72,"1,282.30",868.2,0.68
2001,December,970.9,548,0.56,354.5,238,0.67,"1,325.50",786,0.59
2001 Total,,"13,112.10","10,024.70",0.76,"4,955.60","3,989.50",0.81,"18,067.60","14,014.20",0.78
% Chg over 2000,,-5.69%,-7.27%,-1.67%,-3.26%,-9.08%,-6.01%,-5.04%,-7.79%,-2.90%
2002,January,974.8,580.2,0.6,350,231.7,0.66,"1,324.90",811.9,0.61
2002,February,907.1,556.5,0.61,321.8,200.9,0.62,"1,228.90",757.5,0.62
2002,March,"1,042.60",639,0.61,364.3,227.4,0.62,"1,406.90",866.4,0.62
2002,April,"1,007.30",696.2,0.69,366.9,252.8,0.69,"1,374.20",949.1,0.69
2002,May,"1,041.50",726.3,0.7,391.6,278.3,0.71,"1,433.10","1,004.60",0.7
2002,June,"1,062.70",707.2,0.67,394.2,277.1,0.7,"1,456.90",984.3,0.68
2002,July,"1,108.90",781.6,0.7,415.1,300.9,0.72,"1,524.00","1,082.40",0.71
2002,August,"1,106.10",795,0.72,421,314.1,0.75,"1,527.00","1,109.10",0.73
2002,September,979.7,748.4,0.76,396.3,308.2,0.78,"1,376.00","1,056.60",0.77
2002,October,"1,053.80",850,0.81,405.1,340.7,0.84,"1,458.90","1,190.70",0.82
2002,November,989,758.4,0.77,367.5,299.9,0.82,"1,356.50","1,058.30",0.78
2002,December,"1,013.70",764,0.75,377.7,302.7,0.8,"1,391.40","1,066.80",0.77
2002 Total,,"12,287.20","8,602.90",0.7,"4,571.60","3,334.80",0.73,"16,858.70","11,937.70",0.71
% Chg over 2001,,-6.29%,-14.18%,-8.42%,-7.75%,-16.41%,-9.39%,-6.69%,-14.82%,-8.71%
2003,January,"1,027.60",855.2,0.83,377.8,339.5,0.9,"1,405.40","1,194.70",0.85
2003,February,928.9,815.4,0.88,329.9,313.5,0.95,"1,258.80","1,128.90",0.9
2003,March,"1,061.10","1,050.70",0.99,374.2,360.1,0.96,"1,435.20","1,410.90",0.98
2003,April,996.2,828.1,0.83,338.1,309.3,0.91,"1,334.30","1,137.40",0.85
2003,May,"1,022.10",775.6,0.76,374.9,271.5,0.72,"1,397.00","1,047.10",0.75
2003,June,"1,041.10",778.6,0.75,361.6,287.8,0.8,"1,402.60","1,066.40",0.76
2003,July,"1,105.30",861.4,0.78,390.9,315.9,0.81,"1,496.30","1,177.30",0.79
2003,August,"1,103.20",909.9,0.82,401.5,338,0.84,"1,504.70","1,247.90",0.83
2003,September,993.6,796.5,0.8,389.5,317.1,0.81,"1,383.10","1,113.60",0.81
2003,October,"1,055.00",857.5,0.81,383.4,328.2,0.86,"1,438.50","1,185.70",0.82
2003,November,"1,007.50",844.7,0.84,360.4,317.5,0.88,"1,367.80","1,162.20",0.85
2003,December,"1,075.40",941.8,0.88,368.9,339.8,0.92,"1,444.30","1,281.60",0.89
2003 Total,,"12,417.00","10,315.40",0.83,"4,451.00","3,838.20",0.86,"16,868.00","14,153.70",0.84
% Chg over 2002,,1.06%,19.91%,18.65%,-2.64%,15.10%,18.21%,0.06%,18.56%,18.50%
2004,January,"1,065.20","1,008.20",0.95,371.3,368.9,0.99,"1,436.50","1,377.10",0.96
2004,February,"1,032.40",997.4,0.97,347.1,352.4,1.02,"1,379.50","1,349.80",0.98
2004,March,"1,140.50","1,116.50",0.98,373.6,394.5,1.06,"1,514.00","1,511.00",1
2004,April,"1,094.40","1,092.50",1,380.9,393.6,1.03,"1,475.40","1,486.10",1.01
2004,May,"1,120.40","1,206.50",1.08,402.4,443.9,1.1,"1,522.80","1,650.50",1.08
2004,June,"1,136.30","1,218.30",1.07,413,465.8,1.13,"1,549.30","1,684.10",1.09
2004,July,"1,181.60","1,309.00",1.11,432.1,493.7,1.14,"1,613.70","1,802.80",1.12
2004,August,"1,185.40","1,392.00",1.17,432.4,530.8,1.23,"1,617.80","1,922.80",1.19
2004,September,"1,058.20","1,304.40",1.23,402.3,523.5,1.3,"1,460.50","1,827.90",1.25
2004,October,"1,137.90","1,562.70",1.37,411.8,592.4,1.44,"1,549.80","2,155.20",1.39
2004,November,"1,084.80","1,479.20",1.36,390.2,569.3,1.46,"1,475.00","2,048.40",1.39
2004,December,"1,142.80","1,454.40",1.27,407.5,561.8,1.38,"1,550.30","2,016.20",1.3
2004 Total,,"13,380.00","15,141.20",1.13,"4,764.70","5,690.70",1.19,"18,144.70","20,831.90",1.15
% Chg over 2003,,7.76%,46.78%,36.22%,7.05%,48.26%,38.50%,7.57%,47.18%,36.83%
2005,January,"1,084.70","1,378.20",1.27,405.2,538.7,1.33,"1,489.90","1,916.90",1.29
2005,February,"1,017.00","1,333.50",1.31,368.3,503,1.37,"1,385.30","1,836.50",1.33
2005,March,"1,162.90","1,675.50",1.44,424.1,604,1.42,"1,587.00","2,279.40",1.44
2005,April,"1,098.70","1,705.30",1.55,410.4,698.8,1.7,"1,509.10","2,404.10",1.59
2005,May,"1,123.60","1,699.20",1.51,426.1,700,1.64,"1,549.70","2,399.20",1.55
2005,June,"1,148.90","1,777.30",1.55,441,709.6,1.61,"1,589.90","2,486.90",1.56
2005,July,"1,193.70","1,915.20",1.6,460.9,785.7,1.7,"1,654.60","2,701.00",1.63
2005,August,"1,185.40","2,118.30",1.79,456.7,816.1,1.79,"1,642.20","2,934.30",1.79
2005,September,"1,054.40","1,986.00",1.88,421.9,829.2,1.97,"1,476.20","2,815.20",1.91
2005,October,"1,062.00","2,280.40",2.15,417.1,886.5,2.13,"1,479.10","3,166.90",2.14
2005,November,"1,055.10","1,961.00",1.86,393.3,783.7,1.99,"1,448.40","2,744.60",1.89
2005,December,"1,097.80","1,853.00",1.69,415.3,745.6,1.8,"1,513.10","2,598.60",1.72
2005 Total,,"13,284.20","21,682.90",1.63,"5,040.30","8,600.80",1.71,"18,324.50","30,283.70",1.65
% Chg over 2004,,-0.72%,43.20%,44.24%,5.78%,51.14%,42.87%,0.99%,45.37%,43.95%
2006,January,"1,048.00","1,874.30",1.79,411.2,748.2,1.82,"1,459.20","2,622.60",1.8
2006,February,967.2,"1,754.90",1.81,372.1,693.6,1.86,"1,339.30","2,448.50",1.83
2006,March,"1,118.00","2,015.10",1.8,440.4,824,1.87,"1,558.40","2,839.10",1.82
2006,April,"1,070.80","2,026.30",1.89,426.2,838.3,1.97,"1,497.00","2,864.60",1.91
2006,May,"1,084.90","2,213.00",2.04,448.1,937.7,2.09,"1,533.00","3,150.70",2.06
2006,June,"1,117.30","2,294.30",2.05,437.9,955.2,2.18,"1,555.30","3,249.50",2.09
2006,July,"1,141.90","2,370.70",2.08,472.8,"1,023.50",2.16,"1,614.80","3,394.20",2.1
2006,August,"1,160.50","2,460.30",2.12,474.4,"1,044.00",2.2,"1,634.90","3,504.30",2.14
2006,September,"1,052.00","2,091.70",1.99,441.3,954.7,2.16,"1,493.30","3,046.40",2.04
2006,October,"1,095.40","2,041.90",1.86,440,887.2,2.02,"1,535.40","2,929.10",1.91
2006,November,"1,061.60","1,914.80",1.8,423.8,800.3,1.89,"1,485.40","2,715.10",1.83
2006,December,"1,101.70","2,048.10",1.86,432,828.4,1.92,"1,533.70","2,876.50",1.88
2006 Total,,"13,019.40","25,105.40",1.93,"5,220.30","10,535.20",2.02,"18,239.70","35,640.60",1.95
% Chg over 2005,,-1.99%,15.78%,18.14%,3.57%,22.49%,18.27%,-0.46%,17.69%,18.24%
2007,January,"1,062.20","1,929.70",1.82,431.5,821.4,1.9,"1,493.70","2,751.00",1.84
2007,February,970.1,"1,689.20",1.74,382.6,681.1,1.78,"1,352.60","2,370.30",1.75
2007,March,"1,113.20","2,019.10",1.81,450.7,838.4,1.86,"1,563.90","2,857.60",1.83
2007,April,"1,075.90","2,082.10",1.94,436.6,851.8,1.95,"1,512.50","2,933.80",1.94
2007,May,"1,101.80","2,248.20",2.04,456.8,985,2.16,"1,558.50","3,233.20",2.07
2007,June,"1,114.50","2,255.30",2.02,468.4,982.2,2.1,"1,582.90","3,237.50",2.05
2007,July,"1,143.20","2,391.20",2.09,499.3,"1,062.00",2.13,"1,642.40","3,453.30",2.1
2007,August,"1,157.20","2,455.40",2.12,496.1,"1,093.20",2.2,"1,653.30","3,548.60",2.15
2007,September,"1,038.40","2,183.80",2.1,455,977.7,2.15,"1,493.40","3,161.40",2.12
2007,October,"1,092.00","2,404.10",2.2,457.3,"1,044.10",2.28,"1,549.40","3,448.30",2.23
2007,November,"1,047.50","2,541.90",2.43,435.1,"1,114.00",2.56,"1,482.50","3,655.90",2.47
2007,December,"1,083.00","2,699.90",2.49,458.6,"1,234.10",2.69,"1,541.60","3,934.00",2.55
2007 Total,,"12,998.80","26,899.90",2.07,"5,428.00","11,685.00",2.15,"18,426.80","38,584.90",2.09
% Chg over 2006,,-0.16%,7.15%,7.32%,3.98%,10.91%,6.67%,1.03%,8.26%,7.16%
2008,January,"1,071.60","2,747.80",2.56,451.1,"1,229.40",2.73,"1,522.70","3,977.20",2.61
2008,February,"1,025.70","2,613.40",2.55,418.4,"1,119.10",2.67,"1,444.10","3,732.50",2.58
2008,March,"1,117.90","3,197.00",2.86,461.7,"1,374.10",2.98,"1,579.60","4,571.10",2.89
2008,April,"1,059.60","3,143.80",2.97,465.3,"1,443.60",3.1,"1,525.00","4,587.50",3.01
2008,May,"1,087.70","3,465.60",3.19,481.7,"1,602.90",3.33,"1,569.40","5,068.50",3.23
2008,June,"1,094.80","3,717.10",3.4,486.4,"1,752.10",3.6,"1,581.20","5,469.20",3.46
2008,July,"1,133.00","4,184.20",3.69,510.8,"2,093.80",4.1,"1,643.80","6,278.10",3.82
2008,August,"1,101.50","3,747.00",3.4,502.4,"1,919.30",3.82,"1,603.90","5,666.30",3.53
2008,September,925.3,"3,083.80",3.33,448.8,"1,603.30",3.57,"1,374.10","4,687.10",3.41
2008,October,968.3,"3,088.50",3.19,444,"1,620.90",3.65,"1,412.30","4,709.30",3.33
2008,November,909.1,"2,276.20",2.5,411.1,"1,088.50",2.65,"1,320.20","3,364.70",2.55
2008,December,975,"1,930.60",1.98,427.2,926.3,2.17,"1,402.20","2,856.90",2.04
2008 Total,,"12,469.40","37,194.90",2.98,"5,508.90","17,773.50",3.23,"17,978.40","54,968.40",3.06
% Chg over 2007,,-4.07%,38.27%,44.14%,1.49%,52.11%,49.87%,-2.43%,42.46%,46.01%
2009,January,922.1,"1,620.40",1.76,416.7,713.6,1.71,"1,338.90","2,334.00",1.74
2009,February,849.6,"1,567.30",1.84,369.6,677,1.83,"1,219.20","2,244.30",1.84
2009,March,966.3,"1,587.00",1.64,416.5,686.5,1.65,"1,382.80","2,273.50",1.64
2009,April,935.7,"1,629.30",1.74,417.3,727.4,1.74,"1,353.00","2,356.70",1.74
2009,May,949.3,"1,648.60",1.74,428.2,734,1.71,"1,377.40","2,382.60",1.73
2009,June,973.1,"1,853.40",1.9,470,855.6,1.82,"1,443.10","2,709.00",1.88
2009,July,"1,026.30","1,961.20",1.91,494.7,930.9,1.88,"1,521.00","2,892.10",1.9
2009,August,969.5,"1,965.40",2.03,458.6,914.9,1.99,"1,428.10","2,880.30",2.02
2009,September,870.8,"1,735.90",1.99,410.3,828.1,2.02,"1,281.10","2,564.00",2
2009,October,913.4,"1,821.30",1.99,411.4,798,1.94,"1,324.80","2,619.30",1.98
2009,November,845,"1,812.70",2.15,384.9,796.1,2.07,"1,229.90","2,608.80",2.12
2009,December,926.5,"1,965.90",2.12,408.3,852.4,2.09,"1,334.80","2,818.40",2.11
2009 Total,,"11,147.40","21,168.50",1.9,"5,086.60","9,514.40",1.87,"16,234.00","30,682.90",1.89
% Chg over 2008,,-10.60%,-43.09%,-36.34%,-7.67%,-46.47%,-42.02%,-9.70%,-44.18%,-38.18%
2010,January,872.7,"1,931.60",2.21,410,873.9,2.13,"1,282.70","2,805.50",2.19
2010,February,786.9,"1,696.70",2.16,361.5,771,2.13,"1,148.40","2,467.70",2.15
2010,March,928.2,"2,046.00",2.2,423.7,911.9,2.15,"1,351.90","2,957.90",2.19
2010,April,900.9,"2,075.20",2.3,410.5,928.4,2.26,"1,311.30","3,003.60",2.29
2010,May,940,"2,189.70",2.33,453.7,"1,040.10",2.29,"1,393.60","3,229.80",2.32
2010,June,959.8,"2,090.80",2.18,468,"1,059.70",2.26,"1,427.70","3,150.50",2.21
2010,July,"1,010.80","2,235.30",2.21,495.9,"1,091.30",2.2,"1,506.70","3,326.60",2.21
2010,August,994.4,"2,214.60",2.23,484.2,"1,069.00",2.21,"1,478.60","3,283.60",2.22
2010,September,914.9,"1,996.90",2.18,439.8,967.7,2.2,"1,354.70","2,964.60",2.19
2010,October,925,"2,177.10",2.35,446.3,"1,042.70",2.34,"1,371.30","3,219.80",2.35
2010,November,891.7,"2,146.20",2.41,411.9,981.6,2.38,"1,303.60","3,127.80",2.4
2010,December,931.5,"2,303.50",2.47,441.1,"1,090.70",2.47,"1,372.60","3,394.20",2.47
2010 Total,,"11,056.70","25,103.40",2.27,"5,246.50","11,828.10",2.25,"16,303.20","36,931.60",2.27
% Chg over 2009,,-0.81%,18.59%,19.56%,3.14%,24.32%,20.53%,0.43%,20.37%,19.85%
2011,January,861.6,"2,272.20",2.64,448.2,"1,169.80",2.61,"1,309.80","3,442.00",2.63
2011,February,794.2,"2,206.10",2.78,395.1,"1,098.90",2.78,"1,189.30","3,305.00",2.78
2011,March,944,"2,858.60",3.03,466.6,"1,396.00",2.99,"1,410.50","4,254.50",3.02
2011,April,909.7,"2,919.70",3.21,460.6,"1,485.80",3.23,"1,370.40","4,405.50",3.21
2011,May,921.9,"2,993.10",3.25,476.1,"1,548.30",3.25,"1,398.00","4,541.40",3.25
2011,June,953.7,"2,984.10",3.13,494.9,"1,524.70",3.08,"1,448.60","4,508.80",3.11
2011,July,978.8,"3,042.70",3.11,528.3,"1,642.50",3.11,"1,507.20","4,685.20",3.11
2011,August,952.9,"2,978.30",3.13,508.1,"1,574.40",3.1,"1,461.00","4,552.70",3.12
2011,September,866.7,"2,752.40",3.18,453.1,"1,394.30",3.08,"1,319.80","4,146.70",3.14
2011,October,895,"2,684.70",3,443.7,"1,330.20",3,"1,338.80","4,014.90",3
2011,November,859.9,"2,664.20",3.1,409.7,"1,233.10",3.01,"1,269.70","3,897.40",3.07
2011,December,889.7,"2,742.90",3.08,436.5,"1,318.80",3.02,"1,326.20","4,061.70",3.06
2011 Total,,"10,828.30","33,099.00",3.06,"5,521.00","16,716.90",3.03,"16,349.30","49,815.90",3.05
% Chg over 2010,,-2.07%,31.85%,34.63%,5.23%,41.33%,34.31%,0.28%,34.89%,34.51%
2012,January,808.5,"2,538.50",3.14,444.2,"1,371.90",3.09,"1,252.70","3,910.40",3.12
2012,February,788.3,"2,559.60",3.25,419.6,"1,323.00",3.15,"1,207.90","3,882.60",3.21
2012,March,891.3,"2,966.70",3.33,473.6,"1,563.00",3.3,"1,364.90","4,529.70",3.32
2012,April,844.9,"2,825.10",3.34,456.5,"1,522.30",3.33,"1,301.50","4,347.40",3.34
2012,May,885,"2,867.40",3.24,487.3,"1,577.00",3.24,"1,372.30","4,444.40",3.24
2012,June,905.7,"2,708.80",2.99,498.2,"1,525.00",3.06,"1,403.90","4,233.80",3.02
2012,July,918.7,"2,716.20",2.96,523.5,"1,531.00",2.92,"1,442.20","4,247.20",2.95
2012,August,904.8,"2,796.60",3.09,516.2,"1,574.10",3.05,"1,421.00","4,370.70",3.08
2012,September,816.1,"2,660.30",3.26,462.3,"1,450.20",3.14,"1,278.40","4,110.50",3.22
2012,October,827.8,"2,728.70",3.3,459.3,"1,490.30",3.25,"1,287.00","4,219.00",3.28
2012,November,795.5,"2,525.90",3.18,433.7,"1,319.50",3.04,"1,229.10","3,845.40",3.13
2012,December,851.5,"2,662.00",3.13,446.9,"1,383.60",3.1,"1,298.40","4,045.60",3.12
2012 Total,,"10,238.00","32,555.90",3.18,"5,621.20","17,630.80",3.14,"15,859.20","50,186.80",3.16
% Chg over 2011,,-5.45%,-1.64%,4.03%,1.81%,5.47%,3.59%,-3.00%,0.74%,3.86%
2013,January,810,"2,530.00",3.12,450.1,"1,394.00",3.1,"1,260.10","3,924.00",3.11
2013,February,737.5,"2,422.40",3.28,403.6,"1,298.50",3.22,"1,141.10","3,720.90",3.26
2013,March,870.8,"2,789.20",3.2,469.1,"1,505.30",3.21,"1,339.90","4,294.50",3.21
2013,April,839.4,"2,560.40",3.05,466,"1,416.40",3.04,"1,305.40","3,976.80",3.05
2013,May,867.8,"2,532.80",2.92,493.1,"1,416.30",2.87,"1,360.90","3,949.10",2.9
2013,June,889.6,"2,579.90",2.9,508.8,"1,469.60",2.89,"1,398.50","4,049.50",2.9
2013,July,926.1,"2,699.10",2.91,539.3,"1,565.00",2.9,"1,465.30","4,264.10",2.91
2013,August,897.4,"2,737.30",3.05,545.5,"1,576.50",2.89,"1,442.90","4,313.80",2.99
2013,September,798.8,"2,464.40",3.09,471.9,"1,410.30",2.99,"1,270.70","3,874.80",3.05
2013,October,839.8,"2,557.60",3.05,486.2,"1,410.80",2.9,"1,326.00","3,968.50",2.99
2013,November,801.9,"2,423.00",3.02,450.9,"1,309.60",2.9,"1,252.70","3,732.60",2.98
2013,December,877.2,"2,656.40",3.03,464.1,"1,391.50",3,"1,341.30","4,047.90",3.02
2013 Total,,"10,156.10","30,952.50",3.05,"5,748.60","17,163.90",2.99,"15,904.70","48,116.40",3.03
% Chg over 2012,,-0.80%,-4.93%,-4.16%,2.27%,-2.65%,-4.81%,0.29%,-4.13%,-4.40%
2014,January,793.7,"2,453.90",3.09,470.3,"1,386.30",2.95,"1,264.10","3,840.20",3.04
2014,February,737.8,"2,246.30",3.04,406.6,"1,210.20",2.98,"1,144.50","3,456.50",3.02
2014,March,882.6,"2,651.20",3,486.5,"1,481.30",3.04,"1,369.00","4,132.40",3.02
2014,April,851.1,"2,536.10",2.98,474.5,"1,391.70",2.93,"1,325.60","3,927.80",2.96
2014,May,874,"2,612.60",2.99,509.5,"1,494.70",2.93,"1,383.50","4,107.30",2.97
2014,June,901.2,"2,677.00",2.97,529.6,"1,543.10",2.91,"1,430.80","4,220.00",2.95
2014,July,928.1,"2,783.30",3,570.1,"1,617.10",2.84,"1,498.20","4,400.50",2.94
2014,August,900.4,"2,685.00",2.98,559,"1,587.90",2.84,"1,459.30","4,272.90",2.93
2014,September,822.5,"2,376.80",2.89,489.6,"1,376.80",2.81,"1,312.20","3,753.60",2.86
2014,October,872.5,"2,349.10",2.69,483.9,"1,291.60",2.67,"1,356.40","3,640.70",2.68
2014,November,830,"2,138.30",2.58,445.1,"1,135.60",2.55,"1,275.10","3,273.90",2.57
2014,December,898.9,"2,080.90",2.32,474.8,"1,104.40",2.33,"1,373.60","3,185.30",2.32
2014 Total,,"10,292.60","29,590.50",2.87,"5,899.50","16,620.70",2.82,"16,192.20","46,211.10",2.85
% Chg over 2013,,1.34%,-4.40%,-5.67%,2.63%,-3.17%,-5.64%,1.81%,-3.96%,-5.66%
2015,January,826.8,"1,600.80",1.94,474.1,964.6,2.03,"1,300.90","2,565.30",1.97
2015,February,755,"1,683.10",2.23,419.8,"1,031.20",2.46,"1,174.80","2,714.40",2.31
2015,March,906.1,"1,818.20",2.01,493,"1,021.10",2.07,"1,399.10","2,839.30",2.03
2015,April,884.1,"1,699.70",1.92,490.4,968.6,1.98,"1,374.40","2,668.30",1.94
2015,May,909.8,"1,901.90",2.09,522.7,"1,077.10",2.06,"1,432.50","2,979.00",2.08
2015,June,939,"1,915.30",2.04,538.8,"1,115.70",2.07,"1,477.80","3,031.00",2.05
2015,July,986.7,"1,803.60",1.83,568.5,"1,047.80",1.84,"1,555.10","2,851.40",1.83
2015,August,957.2,"1,605.20",1.68,557,936.5,1.68,"1,514.20","2,541.70",1.68
2015,September,857.1,"1,365.80",1.59,502.3,783.9,1.56,"1,359.40","2,149.60",1.58
2015,October,901.6,"1,472.60",1.63,491.8,820.2,1.67,"1,393.40","2,292.80",1.65
2015,November,871.9,"1,367.50",1.57,446.7,704.4,1.58,"1,318.60","2,071.90",1.57
2015,December,946.1,"1,366.00",1.44,483.2,727.1,1.5,"1,429.40","2,093.10",1.46
2015 Total,,"10,741.20","19,599.60",1.82,"5,988.30","11,198.10",1.87,"16,729.60","30,797.80",1.84
% Chg over 2014,,4.36%,-33.76%,-36.53%,1.51%,-32.63%,-33.62%,3.32%,-33.35%,-35.50%
2016,January,855.7,"1,103.10",1.29,465.4,570,1.22,"1,321.10","1,673.10",1.27
2016,February,824.7,"1,020.90",1.24,419.3,478.9,1.14,"1,244.00","1,499.80",1.21
2016,March,943.9,"1,207.90",1.28,483.2,586.3,1.21,"1,427.10","1,794.20",1.26
2016,April,903.4,"1,201.30",1.33,483.3,639,1.32,"1,386.70","1,840.30",1.33
2016,May,950.5,"1,359.40",1.43,510.8,708.1,1.39,"1,461.30","2,067.50",1.41
2016,June,992.2,"1,778.70",1.79,530,"1,000.80",1.89,"1,522.30","2,779.40",1.83
2016,July,"1,027.60","1,540.60",1.5,559.4,824.7,1.47,"1,587.00","2,365.30",1.49
2016,August,"1,006.70","1,450.80",1.44,546.3,789,1.44,"1,553.00","2,239.80",1.44
2016,September,897.3,"1,327.90",1.48,491.1,695.2,1.42,"1,388.30","2,023.10",1.46
2016,October,919.7,"1,459.80",1.59,482.5,739.2,1.53,"1,402.20","2,199.00",1.57
2016,November,886,"1,286.40",1.45,432.3,607,1.4,"1,318.30","1,893.30",1.44
2016,December,959.6,"1,543.10",1.61,473.7,736,1.55,"1,433.20","2,279.10",1.59
2016 Total,,"11,167.30","16,279.90",1.46,"5,877.30","8,374.10",1.42,"17,044.70","24,654.00",1.45
% Chg over 2015,,3.97%,-16.94%,-20.11%,-1.85%,-25.22%,-23.81%,1.88%,-19.95%,-21.43%
2017,January,882.4,"1,451.90",1.65,460.9,753.1,1.63,"1,343.30","2,205.10",1.64
2017,February,804,"1,369.60",1.7,404,683.5,1.69,"1,208.00","2,053.10",1.7
2017,March,965,"1,590.90",1.65,481,792.7,1.65,"1,446.10","2,383.60",1.65
2017,April,919.2,"1,525.30",1.66,488.7,798.2,1.63,"1,408.00","2,323.50",1.65
2017,May,963.9,"1,544.50",1.6,523.2,839.9,1.61,"1,487.10","2,384.50",1.6
2017,June,"1,008.70","1,546.70",1.53,544.9,843.1,1.55,"1,553.60","2,389.80",1.54
2017,July,"1,037.50","1,610.90",1.55,573.6,883.8,1.54,"1,611.10","2,494.70",1.55
2017,August,"1,030.20","1,696.20",1.65,559.1,898.6,1.61,"1,589.30","2,594.80",1.63
2017,September,879.4,"1,589.10",1.81,494.3,857.1,1.73,"1,373.60","2,446.10",1.78
2017,October,953.4,"1,735.70",1.82,495.4,896.6,1.81,"1,448.90","2,632.30",1.82
2017,November,921.7,"1,726.60",1.87,448.8,831.6,1.85,"1,370.50","2,558.20",1.87
2017,December,975,"1,862.60",1.91,480.8,923.4,1.92,"1,455.80","2,785.90",1.91
2017 Total,,"11,340.40","19,250.00",1.7,"5,954.80","10,001.60",1.68,"17,295.30","29,251.60",1.69
% Chg over 2016,,1.55%,18.24%,16.44%,1.32%,19.43%,17.88%,1.47%,18.65%,16.93%
2018,January,910.7,"1,837.80",2.02,468.6,946.5,2.02,"1,379.30","2,784.30",2.02
2018,February,850.9,"1,721.20",2.02,416.4,852.6,2.05,"1,267.40","2,573.80",2.03
2018,March,990.3,"1,936.70",1.96,492.7,977.1,1.98,"1,483.00","2,913.90",1.96
2018,April,965,"2,005.50",2.08,489.7,"1,024.90",2.09,"1,454.80","3,030.40",2.08
2018,May,"1,011.80","2,209.90",2.18,531.3,"1,163.00",2.19,"1,543.10","3,372.80",2.19
2018,June,"1,038.60","2,288.30",2.2,548.5,"1,222.20",2.23,"1,587.20","3,510.50",2.21
2018,July,"1,078.40","2,365.10",2.19,575.8,"1,277.80",2.22,"1,654.20","3,643.00",2.2
2018,August,"1,071.10","2,349.20",2.19,559.5,"1,231.50",2.2,"1,630.60","3,580.70",2.2
2018,September,950.1,"2,104.80",2.22,503,"1,127.30",2.24,"1,453.10","3,232.10",2.22
2018,October,"1,003.80","2,350.70",2.34,501.4,"1,184.80",2.36,"1,505.20","3,535.40",2.35
2018,November,970.6,"2,186.10",2.25,450.6,"1,037.70",2.3,"1,421.20","3,223.90",2.27
2018,December,"1,006.70","2,047.30",2.03,482.6,"1,014.70",2.1,"1,489.20","3,062.00",2.06
2018 Total,,"11,848.20","25,402.70",2.14,"6,020.10","13,060.10",2.17,"17,868.30","38,462.80",2.15
% Chg over 2017,,4.48%,31.96%,26.31%,1.10%,30.58%,29.16%,3.31%,31.49%,27.27%
2019,January,947.7,"1,808.50",1.91,475.8,908.2,1.91,"1,423.50","2,716.70",1.91
2019,February,874.7,"1,741.00",1.99,415.9,819.8,1.97,"1,290.60","2,560.80",1.98
2019,March,"1,031.90","2,087.00",2.02,494.4,"1,003.50",2.03,"1,526.20","3,090.40",2.02
2019,April,992.3,"2,042.20",2.06,493.8,"1,013.00",2.05,"1,486.10","3,055.10",2.06
2019,May,"1,047.10","2,217.30",2.12,536.5,"1,127.80",2.1,"1,583.60","3,345.10",2.11
2019,June,"1,060.10","2,115.10",2,555.2,"1,129.40",2.03,"1,615.30","3,244.50",2.01
2019,July,"1,099.70","2,185.90",1.99,576.1,"1,138.30",1.98,"1,675.80","3,324.10",1.98
2019,August,"1,089.50","2,110.80",1.94,563.9,"1,101.60",1.95,"1,653.30","3,212.30",1.94
2019,September,962.6,"1,888.50",1.96,514,"1,002.10",1.95,"1,476.60","2,890.60",1.96
2019,October,"1,033.00","2,035.00",1.97,508.8,"1,001.20",1.97,"1,541.80","3,036.20",1.97
2019,November,986.5,"1,966.60",1.99,457.7,904.1,1.98,"1,444.20","2,870.70",1.99
2019,December,"1,059.00","2,131.10",2.01,493,979.5,1.99,"1,552.10","3,110.50",2
2019 Total,,"12,184.00","24,328.80",2,"6,085.10","12,128.30",1.99,"18,269.00","36,457.10",2
% Chg over 2018,,2.83%,-4.23%,-6.87%,1.08%,-7.13%,-8.13%,2.24%,-5.21%,-7.29%
2020,January,982,"1,949.50",1.99,478.5,944.7,1.97,"1,460.50","2,894.20",1.98
2020,February,926.6,"1,662.50",1.79,402,739.3,1.84,"1,328.60","2,401.90",1.81
2020,March,847.8,"1,238.70",1.46,320.1,485.3,1.52,"1,167.90","1,723.90",1.48
2020,April,313.1,455.1,1.45,133.8,162.4,1.21,446.9,617.5,1.38
2020,May,297,316.3,1.07,156.4,149.7,0.96,453.4,466.1,1.03
2020,June,393.5,442.9,1.13,164.4,161,0.98,558,603.9,1.08
2020,July,565.7,666.1,1.18,197.4,228.8,1.16,763.1,894.8,1.17
2020,August,589,713.8,1.21,212.5,254.6,1.2,801.4,968.4,1.21
2020,September,508.4,598.8,1.18,219.4,253.3,1.15,727.8,852.1,1.17
2020,October,568.9,650.5,1.14,238.5,267,1.12,807.4,917.5,1.14
2020 YTD,,"5,991.90","8,694.20",1.45,"2,523.00","3,646.20",1.45,"8,515.00","12,340.40",1.45
% Chg over 2019 YTD,,-40.90%,-57.03%,-27.29%,-50.86%,-64.41%,-27.57%,-44.25%,-59.51%,-27.37%
